-- uSUARIO
INSERT INTO proyecto.usuario VALUES('parsojim','Jim','Parsons');
INSERT INTO proyecto.usuario VALUES('sussmkev','Kevin ','Sussman');
INSERT INTO proyecto.usuario VALUES('mannaar','Aarti','Mann');
INSERT INTO proyecto.usuario VALUES('cuocokal','Kaley','Cuoco');
INSERT INTO proyecto.usuario VALUES('galecjoh','Johnny','Galecki');
INSERT INTO proyecto.usuario VALUES('helbesim','Simon','Helberg');
INSERT INTO proyecto.usuario VALUES('nayyakun','Kunnal','Nayyar');
INSERT INTO proyecto.usuario VALUES('rauchmel','Melissa','Rauch');
INSERT INTO proyecto.usuario VALUES('bialimay','Mayim','Bialik');
INSERT INTO proyecto.usuario VALUES('baranchr','Christine','Baranski');
INSERT INTO proyecto.usuario VALUES('metcalau','Laurie','Metcalf');
INSERT INTO proyecto.usuario VALUES('lindhrik','Riki','Lindhome');



-- TICKET
INSERT INTO proyecto.ticket VALUES(1001,'Desarrollo Aplicaciones','[PRY-001]Historias de Usuario','baranchr','15/01/2023');
INSERT INTO proyecto.ticket VALUES(1002,'Soporte de Hardware','Problemas en la pantalla de la máquina','bialimay','05/05/2023');
INSERT INTO proyecto.ticket VALUES(1003,'Desarrollo Aplicaciones','(PRY-001)Pruebas de Calidad','sussmkev','25/04/2023');
INSERT INTO proyecto.ticket VALUES(1004,'Soporte de Software','Aplicación se encuentra muy lenta','bialimay','04/01/2023');
INSERT INTO proyecto.ticket VALUES(1005,'Desarrollo Aplicaciones','[PRY-002]Historias de Usuario','metcalau','02/02/2023');
INSERT INTO proyecto.ticket VALUES(1006,'Desarrollo Aplicaciones','[PRY-002]Pruebas de Calidad','cuocokal','16/04/2023');
INSERT INTO proyecto.ticket VALUES(1007,'Desarrollo Aplicaciones','[PRY-001]Pruebas de usuario','baranchr','20/04/2023');
INSERT INTO proyecto.ticket VALUES(1008,'Correo electrónico','No se puede enviar correos a direccion correo@yahoo.com','bialimay','15/04/2023');
INSERT INTO proyecto.ticket VALUES(1009,'Desarrollo Aplicaciones','[PRY-002]Pase a produccion','parsojim','03/08/2023');
INSERT INTO proyecto.ticket VALUES(1010,'Desarrollo Aplicaciones','[PRY-001]Pase a produccion','parsojim','05/06/2023');


--PROYECTO
INSERT INTO proyecto.proyecto VALUES(1,'PRY-001','Proyecto Sistema de Contabilidad','Finalizado');
INSERT INTO proyecto.proyecto VALUES(2,'PRY-003','Proyecto Inversiones','En proceso');
INSERT INTO proyecto.proyecto VALUES(3,'PRY-002','Proyecto Mejoras Sistema Finaniero','Finalizado');
INSERT INTO proyecto.proyecto VALUES(4,'PRY-004','Proyecto Cumplimiento Corporativo','En proceso');
